﻿<?xml version="1.0" encoding="UTF-8" standalone="yes"?>

<addon id="repository.marfegte" 
name="repositorio marfegte" 
version="1.0.1" 
provider-name="marfegte">
 <extension point="xbmc.addon.repository" name="Repositorio marfegte">
  <info compressed="false">http://repositorio-xbmc-marfegte.googlecode.com/svn/trunk/addons.xml</info>
  <checksum>http://repositorio-xbmc-marfegte.googlecode.com/svn/trunk/addons.xml.md5</checksum>
  <datadir zip="false">http://repositorio-xbmc-marfegte.googlecode.com/svn/trunk/</datadir>
 </extension>
 <extension point="xbmc.addon.metadata">
  <summary>repositorio marfegte</summary>
  <description>XBMC Addons repositorio-xbmc-marfegte</description>
  <disclaimer></disclaimer>
  <platform>all</platform>
 </extension>
</addon> 