﻿<?xml version="1.0" encoding="UTF-8" standalone="yes"?>

<<addon id="repository.marfegte" 
name="repositorio marfegte" 
version="1.0.1" 
provider-name="marfegte">
 <extension point="xbmc.addon.repository" name="Repositorio marfegte">
  <info compressed="false">https://raw.githubusercontent.com/marfegte/repositorio-marfegte/master/addons.xml</info>
  <checksum>https://raw.githubusercontent.com/marfegte/repositorio-marfegte/master/addons.xml.md5</checksum>
  <datadir zip="false">https://raw.githubusercontent.com/marfegte/repositorio-marfegte/master/repo</datadir>
 </extension>
 <extension point="xbmc.addon.metadata">
  <summary>repositorio marfegte</summary>
  <description>Repositorio marfegte</description>
  <disclaimer></disclaimer>
  <platform>all</platform>
 </extension>
</addon> 