<?xml version="1.0" encoding="UTF-8" standalone="yes"?>
<addon id="plugin.video.cine.onDemand"
	   name="[B]Cine [COLOR=orange]ON.[/COLOR]Demand[/B]"
       version="1.2"
       provider-name="marfegte">
  <requires>
    <import addon="xbmc.python" version="2.1.0"/>
    <import addon="script.module.beautifulsoup" version="3.2.1"/>
    <import addon="script.module.simple.downloader" version="0.9.4"/>
    <import addon="script.module.requests" />
    <import addon="script.module.httplib2" />
    <import addon="script.module.liveresolver" version="0.1.24" optional="true"/>
    <import addon="script.module.youtube.dl" optional="true"/>
    <import addon="plugin.video.youtube" optional="true" />
    <import addon="script.module.resolveurl" optional="true"/>
    <import addon="script.module.simplejson" />    
    <import addon="script.module.livestreamer" optional="true"/>
    <import addon="script.module.slproxy" optional="true"/>
    <import addon="script.module.pyamf" optional="true"/>
	 <import addon="script.common.plugin.cache" version="2.5.2"/>
    <import addon="script.module.metahandler" version="2.5.1"/>
  </requires>
  <extension point="xbmc.python.pluginsource" library="default.py">
    <provides>video</provides>
  </extension>
  <extension point="xbmc.addon.metadata">
    <summary lang="en">Cine [COLOR=orange]ON.[/COLOR]Demand</summary>
    <description lang="en">ESSA ADDON COM CONTEUDO DE FILME ONLINE SEMPRE MAS RECENTES.                                              LISTA SEMPRE COM POUCO FILMES, MAS COM ALTA QUALIDADE DE IMAGEM E REPRODUÇÃO.</description>
    <platform>all</platform>
  </extension>
  
  <extension point="xbmc.addon.repository" name="Repositorio marfegte">
  <info compressed="false">https://raw.githubusercontent.com/marfegte/repositorio-marfegte/master/addons.xml</info>
  <checksum>https://raw.githubusercontent.com/marfegte/repositorio-marfegte/master/addons.xml.md5</checksum>
  <datadir zip="false">https://raw.githubusercontent.com/marfegte/repositorio-marfegte/master/repo</datadir>
 </extension>
 <extension point="xbmc.addon.metadata">
  <summary>repositorio marfegte</summary>
  <description>Filmes torrent HD</description>
  <disclaimer></disclaimer>
  <platform>all</platform>
 </extension>
</addon>
